8f0d92,127.0.0.1,GET,http://localhost/Symphony/versionecommerce/ecommerce/client/web/app_dev.php/,1472086677,,200
6eca0c,127.0.0.1,GET,http://localhost/Symphony/versionecommerce/ecommerce/client/web/app_dev.php/,1472086713,,200
ed017b,127.0.0.1,GET,http://localhost/Symphony/versionecommerce/ecommerce/client/web/app_dev.php/culture,1472086737,,301
d82bcb,127.0.0.1,GET,http://localhost/Symphony/versionecommerce/ecommerce/client/web/app_dev.php/culture/,1472086738,c646b1,200
c646b1,127.0.0.1,GET,http://localhost/Symphony/versionecommerce/ecommerce/client/web/app_dev.php/culture/,1472086738,,500
c9a831,127.0.0.1,GET,http://localhost/Symphony/versionecommerce/ecommerce/client/web/app_dev.php/boutique/,1472086759,,200
672b67,127.0.0.1,GET,http://localhost/Symphony/versionecommerce/ecommerce/client/web/app_dev.php/hotel/,1472086774,84d859,200
84d859,127.0.0.1,GET,http://localhost/Symphony/versionecommerce/ecommerce/client/web/app_dev.php/hotel/,1472086774,,404
646c90,127.0.0.1,GET,http://localhost/Symphony/versionecommerce/ecommerce/client/web/app_dev.php/restaurant/,1472086855,,200
4ed26f,127.0.0.1,GET,http://localhost/Symphony/versionecommerce/ecommerce/client/web/app_dev.php/restaurant/,1472086938,,200
38e611,127.0.0.1,GET,http://localhost/Symphony/versionecommerce/ecommerce/client/web/app_dev.php/hotel/,1472086955,170326,200
170326,127.0.0.1,GET,http://localhost/Symphony/versionecommerce/ecommerce/client/web/app_dev.php/hotel/,1472086955,,404
4c6525,127.0.0.1,GET,http://localhost/Symphony/versionecommerce/ecommerce/client/web/app_dev.php/hotelier/,1472087008,674ce7,200
674ce7,127.0.0.1,GET,http://localhost/Symphony/versionecommerce/ecommerce/client/web/app_dev.php/hotelier/,1472087008,,404
6395e9,127.0.0.1,GET,http://localhost/Symphony/versionecommerce/ecommerce/client/web/app_dev.php/,1472087107,0f2237,200
0f2237,127.0.0.1,GET,http://localhost/Symphony/versionecommerce/ecommerce/client/web/app_dev.php/,1472087107,,500
08e6b9,127.0.0.1,GET,http://localhost/Symphony/versionecommerce/ecommerce/client/web/app_dev.php/,1472087145,,200
f8305b,127.0.0.1,GET,http://localhost/Symphony/versionecommerce/ecommerce/client/web/app_dev.php/hotel,1472087156,b0d6da,200
b0d6da,127.0.0.1,GET,http://localhost/Symphony/versionecommerce/ecommerce/client/web/app_dev.php/hotel,1472087156,,404
57dbde,127.0.0.1,GET,http://localhost/Symphony/versionecommerce/ecommerce/client/web/app_dev.php/hotel,1472088199,085815,200
085815,127.0.0.1,GET,http://localhost/Symphony/versionecommerce/ecommerce/client/web/app_dev.php/hotel,1472088199,,404
fe17d9,127.0.0.1,GET,http://localhost/Symphony/versionecommerce/ecommerce/client/web/app_dev.php/,1472088264,,200
26eb16,127.0.0.1,GET,http://localhost/Symphony/versionecommerce/ecommerce/client/web/app_dev.php/,1472088277,,200
4828e3,127.0.0.1,GET,http://localhost/Symphony/versionecommerce/ecommerce/client/web/app_dev.php/,1472088309,,200
2349ab,127.0.0.1,GET,http://localhost/Symphony/versionecommerce/ecommerce/client/web/app_dev.php/restaurant/,1472088316,,200
aa2293,127.0.0.1,GET,http://localhost/Symphony/versionecommerce/ecommerce/client/web/app_dev.php/hotel/,1472088330,482ec7,200
482ec7,127.0.0.1,GET,http://localhost/Symphony/versionecommerce/ecommerce/client/web/app_dev.php/hotel/,1472088330,,404
1e0893,127.0.0.1,GET,http://localhost/Symphony/versionecommerce/ecommerce/client/web/app_dev.php/hotelier/,1472088387,ae90ce,200
ae90ce,127.0.0.1,GET,http://localhost/Symphony/versionecommerce/ecommerce/client/web/app_dev.php/hotelier/,1472088387,,404
78111a,127.0.0.1,GET,http://localhost/Symphony/versionecommerce/ecommerce/client/web/app_dev.php/fou/,1472088413,,200
a8f569,127.0.0.1,GET,http://localhost/Symphony/versionecommerce/ecommerce/client/web/app_dev.php/hotelier/,1472088580,dd31be,200
dd31be,127.0.0.1,GET,http://localhost/Symphony/versionecommerce/ecommerce/client/web/app_dev.php/hotelier/,1472088581,,404
67cdc7,127.0.0.1,GET,http://localhost/Symphony/versionecommerce/ecommerce/client/web/app_dev.php/hotelier/,1472088841,,200
9dcf96,127.0.0.1,GET,http://localhost/Symphony/versionecommerce/ecommerce/client/web/app_dev.php/hotelier/,1472090399,19562c,200
19562c,127.0.0.1,GET,http://localhost/Symphony/versionecommerce/ecommerce/client/web/app_dev.php/hotelier/,1472090399,,404
2f6b3d,127.0.0.1,GET,http://localhost/Symphony/versionecommerce/ecommerce/client/web/app_dev.php/hotelier/,1472090529,523df2,200
523df2,127.0.0.1,GET,http://localhost/Symphony/versionecommerce/ecommerce/client/web/app_dev.php/hotelier/,1472090530,,404
e2360b,127.0.0.1,GET,http://localhost/Symphony/versionecommerce/ecommerce/client/web/app_dev.php/,1472090788,,200
750dbd,127.0.0.1,GET,http://localhost/Symphony/versionecommerce/ecommerce/client/web/app_dev.php/hotelier/,1472090840,2ec5c1,200
2ec5c1,127.0.0.1,GET,http://localhost/Symphony/versionecommerce/ecommerce/client/web/app_dev.php/hotelier/,1472090840,,404
0233a7,127.0.0.1,GET,http://localhost/Symphony/versionecommerce/ecommerce/client/web/app_dev.php/hotelier,1472090852,1512df,200
1512df,127.0.0.1,GET,http://localhost/Symphony/versionecommerce/ecommerce/client/web/app_dev.php/hotelier,1472090852,,404
03dd1d,127.0.0.1,GET,http://localhost/Symphony/versionecommerce/ecommerce/client/web/app_dev.php/hotelier,1472091188,7eca41,200
7eca41,127.0.0.1,GET,http://localhost/Symphony/versionecommerce/ecommerce/client/web/app_dev.php/hotelier,1472091188,,404
31b287,127.0.0.1,GET,http://localhost/Symphony/versionecommerce/ecommerce/client/web/app_dev.php/hotelier/,1472091197,11a731,200
11a731,127.0.0.1,GET,http://localhost/Symphony/versionecommerce/ecommerce/client/web/app_dev.php/hotelier/,1472091197,,404
95c621,127.0.0.1,GET,http://localhost/Symphony/versionecommerce/ecommerce/client/web/app_dev.php/hotel/,1472091209,d1f7f8,200
d1f7f8,127.0.0.1,GET,http://localhost/Symphony/versionecommerce/ecommerce/client/web/app_dev.php/hotel/,1472091209,,404
5f2fb9,127.0.0.1,GET,http://localhost/Symphony/versionecommerce/ecommerce/client/web/app_dev.php/hotelier/ajoute,1472091408,0a0538,200
0a0538,127.0.0.1,GET,http://localhost/Symphony/versionecommerce/ecommerce/client/web/app_dev.php/hotelier/ajoute,1472091408,,404
6572a7,127.0.0.1,GET,http://localhost/Symphony/versionecommerce/ecommerce/client/web/app_dev.php/hotelier,1472091707,22b1df,200
22b1df,127.0.0.1,GET,http://localhost/Symphony/versionecommerce/ecommerce/client/web/app_dev.php/hotelier,1472091707,,404
